{"stat.beaconInteraction":1,"stat.flyOneCm":26,"stat.walkOneCm":1548,"stat.drop":1,"stat.jump":5,"stat.swimOneCm":116,"stat.playOneMinute":3480,"achievement.openInventory":13,"stat.leaveGame":1,"stat.useItem.minecraft.sponge":2,"stat.useItem.minecraft.iron_block":9,"stat.useItem.minecraft.beacon":2,"stat.furnaceInteraction":1,"stat.crouchOneCm":166,"stat.enderchestOpened":3,"stat.timeSinceDeath":3480,"stat.useItem.minecraft.furnace":1,"stat.useItem.minecraft.ender_chest":1,"stat.useItem.minecraft.dirt":1,"achievement.exploreAllBiomes":{"value":0,"progress":["Plains"]}}